UserID,engagement_1,achievement_1,combined_1,engagement_2,achievement_2,combined_2,engagement_3,achievement_3,combined_3,engagement_4,achievement_4,combined_4,engagement_5,achievement_5,combined_5,engagement_6,achievement_6,combined_6,engagement_7,achievement_7,combined_7,engagement_8,achievement_8,combined_8,cluster_raw,Final_Grade,cluster_label
00050F0E,Average,Achiever,Average | Achiever,Disengaged,Achiever,Disengaged | Achiever,Average,Achiever,Average | Achiever,Average,Achiever,Average | Achiever,Average,Achiever,Average | Achiever,Average,Achiever,Average | Achiever,Average,Intermediate,Average | Intermediate,Average,Achiever,Average | Achiever,5,77.37375,Cluster 4
006DD50A,Average,Intermediate,Average | Intermediate,Average,Intermediate,Average | Intermediate,Average,Intermediate,Average | Intermediate,Average,Intermediate,Average | Intermediate,Average,Low,Average | Low,Average,Low,Average | Low,Disengaged,Low,Disengaged | Low,Average,Low,Average | Low,0,64.39625,Cluster 3
05D0E111,Average,Low,Average | Low,Disengaged,Low,Disengaged | Low,Average,Low,Average | Low,Average,Low,Average | Low,Average,Intermediate,Average | Intermediate,Disengaged,Low,Disengaged | Low,Average,Low,Average | Low,Average,Low,Average | Low,1,55.332499999999996,Cluster 6
0637AF03,Active,Low,Active | Low,Active,Low,Active | Low,Active,Intermediate,Active | Intermediate,Active,Intermediate,Active | Intermediate,Active,Low,Active | Low,Active,Low,Active | Low,Active,Intermediate,Active | Intermediate,Active,Intermediate,Active | Intermediate,0,64.0275,Cluster 3
065F7507,Disengaged,Intermediate,Disengaged | Intermediate,Disengaged,Low,Disengaged | Low,Average,Achiever,Average | Achiever,Disengaged,Low,Disengaged | Low,Average,Low,Average | Low,Average,Low,Average | Low,Average,Intermediate,Average | Intermediate,Disengaged,Low,Disengaged | Low,1,65.07000000000001,Cluster 6
06AC3EDE,Average,Intermediate,Average | Intermediate,Average,Low,Average | Low,Disengaged,Achiever,Disengaged | Achiever,Average,Intermediate,Average | Intermediate,Disengaged,Achiever,Disengaged | Achiever,Average,Achiever,Average | Achiever,Average,Intermediate,Average | Intermediate,Average,Achiever,Average | Achiever,0,71.69125,Cluster 3
08972814,Disengaged,Low,Disengaged | Low,Average,Intermediate,Average | Intermediate,Disengaged,Low,Disengaged | Low,Average,Intermediate,Average | Intermediate,Disengaged,Intermediate,Disengaged | Intermediate,Disengaged,Intermediate,Disengaged | Intermediate,Average,Intermediate,Average | Intermediate,Average,Intermediate,Average | Intermediate,0,67.05125,Cluster 3
089734B8,Average,Low,Average | Low,Average,Low,Average | Low,Disengaged,Low,Disengaged | Low,Average,Low,Average | Low,Average,Low,Average | Low,Disengaged,Low,Disengaged | Low,Disengaged,Low,Disengaged | Low,Disengaged,Low,Disengaged | Low,1,57.92875,Cluster 6
0A30CA6E,Active,Low,Active | Low,Average,Low,Average | Low,Active,Low,Active | Low,Average,Low,Average | Low,Average,Low,Average | Low,Average,Low,Average | Low,Average,Low,Average | Low,Average,Low,Average | Low,4,55.83375,Cluster 5
13FE5766,Active,Achiever,Active | Achiever,Active,Achiever,Active | Achiever,Average,Achiever,Average | Achiever,Active,Achiever,Active | Achiever,Active,Achiever,Active | Achiever,Active,Achiever,Active | Achiever,Active,Achiever,Active | Achiever,Active,Achiever,Active | Achiever,2,90.38125,Cluster 1
16AD6797,Average,Low,Average | Low,Active,Intermediate,Active | Intermediate,Average,Low,Average | Low,Average,Low,Average | Low,Average,Low,Average | Low,Average,Low,Average | Low,Disengaged,Low,Disengaged | Low,Disengaged,Low,Disengaged | Low,4,60.41375,Cluster 5
173E67ED,Disengaged,Low,Disengaged | Low,Average,Low,Average | Low,Average,Low,Average | Low,Disengaged,Low,Disengaged | Low,Disengaged,Low,Disengaged | Low,Disengaged,Low,Disengaged | Low,Disengaged,Low,Disengaged | Low,Disengaged,Low,Disengaged | Low,1,57.86875,Cluster 6
1B48F5BA,Average,Achiever,Average | Achiever,Average,Achiever,Average | Achiever,Average,Achiever,Average | Achiever,Average,Achiever,Average | Achiever,Average,Achiever,Average | Achiever,Disengaged,Achiever,Disengaged | Achiever,Average,Achiever,Average | Achiever,Average,Achiever,Average | Achiever,5,82.6375,Cluster 4
21EA54F8,Disengaged,Intermediate,Disengaged | Intermediate,Disengaged,Intermediate,Disengaged | Intermediate,Disengaged,Intermediate,Disengaged | Intermediate,Disengaged,Achiever,Disengaged | Achiever,Average,Intermediate,Average | Intermediate,Average,Low,Average | Low,Average,Intermediate,Average | Intermediate,Average,Achiever,Average | Achiever,0,68.98625,Cluster 3
2926CF64,Disengaged,Low,Disengaged | Low,Disengaged,Low,Disengaged | Low,Disengaged,Low,Disengaged | Low,Disengaged,Low,Disengaged | Low,Disengaged,Low,Disengaged | Low,Disengaged,Low,Disengaged | Low,Disengaged,Low,Disengaged | Low,Disengaged,Low,Disengaged | Low,1,47.55625,Cluster 6
2A696D18,Average,Low,Average | Low,Disengaged,Intermediate,Disengaged | Intermediate,Average,Low,Average | Low,Disengaged,Intermediate,Disengaged | Intermediate,Disengaged,Low,Disengaged | Low,Disengaged,Intermediate,Disengaged | Intermediate,Disengaged,Intermediate,Disengaged | Intermediate,Disengaged,Low,Disengaged | Low,0,65.13,Cluster 3
2AE7F682,Average,Intermediate,Average | Intermediate,Average,Achiever,Average | Achiever,Average,Achiever,Average | Achiever,Average,Intermediate,Average | Intermediate,Disengaged,Intermediate,Disengaged | Intermediate,Average,Intermediate,Average | Intermediate,Average,Intermediate,Average | Intermediate,Average,Low,Average | Low,0,68.345,Cluster 3
2B39FC2C,Active,Low,Active | Low,Active,Intermediate,Active | Intermediate,Active,Intermediate,Active | Intermediate,Active,Intermediate,Active | Intermediate,Active,Achiever,Active | Achiever,Active,Achiever,Active | Achiever,Average,Intermediate,Average | Intermediate,Average,Intermediate,Average | Intermediate,0,69.13875,Cluster 3
2B76A25A,Active,Achiever,Active | Achiever,Active,Achiever,Active | Achiever,Average,Achiever,Average | Achiever,Active,Achiever,Active | Achiever,Active,Achiever,Active | Achiever,Active,Achiever,Active | Achiever,Active,Achiever,Active | Achiever,Active,Achiever,Active | Achiever,2,75.75,Cluster 1
2BF883ED,Average,Achiever,Average | Achiever,Active,Achiever,Active | Achiever,Average,Achiever,Average | Achiever,Average,Achiever,Average | Achiever,Active,Achiever,Active | Achiever,Average,Achiever,Average | Achiever,Average,Achiever,Average | Achiever,Active,Achiever,Active | Achiever,5,75.82625,Cluster 4
2BF89F41,Active,Achiever,Active | Achiever,Average,Achiever,Average | Achiever,Average,Achiever,Average | Achiever,Average,Achiever,Average | Achiever,Average,Achiever,Average | Achiever,Average,Achiever,Average | Achiever,Average,Achiever,Average | Achiever,Average,Achiever,Average | Achiever,5,79.405,Cluster 4
2BF8A619,Active,Intermediate,Active | Intermediate,Active,Intermediate,Active | Intermediate,Active,Achiever,Active | Achiever,Average,Achiever,Average | Achiever,Active,Achiever,Active | Achiever,Active,Achiever,Active | Achiever,Active,Achiever,Active | Achiever,Active,Achiever,Active | Achiever,2,74.78625,Cluster 1
2BF8BAB5,Average,Achiever,Average | Achiever,Active,Achiever,Active | Achiever,Active,Achiever,Active | Achiever,Average,Intermediate,Average | Intermediate,Average,Achiever,Average | Achiever,Active,Achiever,Active | Achiever,Active,Achiever,Active | Achiever,Active,Achiever,Active | Achiever,2,76.46875,Cluster 1
2BF8C805,Active,Achiever,Active | Achiever,Active,Achiever,Active | Achiever,Active,Achiever,Active | Achiever,Active,Achiever,Active | Achiever,Active,Achiever,Active | Achiever,Active,Achiever,Active | Achiever,Active,Achiever,Active | Achiever,Active,Achiever,Active | Achiever,2,75.855,Cluster 1
2DA4DA46,Average,Intermediate,Average | Intermediate,Average,Low,Average | Low,Average,Intermediate,Average | Intermediate,Average,Intermediate,Average | Intermediate,Average,Intermediate,Average | Intermediate,Average,Intermediate,Average | Intermediate,Average,Intermediate,Average | Intermediate,Average,Achiever,Average | Achiever,0,67.59125,Cluster 3
33ED839D,Active,Low,Active | Low,Average,Low,Average | Low,Disengaged,Low,Disengaged | Low,Average,Intermediate,Average | Intermediate,Average,Low,Average | Low,Average,Low,Average | Low,Average,Low,Average | Low,Average,Low,Average | Low,4,60.05125,Cluster 5
347FE229,Active,Achiever,Active | Achiever,Active,Achiever,Active | Achiever,Active,Achiever,Active | Achiever,Active,Achiever,Active | Achiever,Active,Achiever,Active | Achiever,Active,Achiever,Active | Achiever,Active,Achiever,Active | Achiever,Active,Achiever,Active | Achiever,2,79.94,Cluster 1
3787BEA1,Average,Intermediate,Average | Intermediate,Disengaged,Intermediate,Disengaged | Intermediate,Average,Achiever,Average | Achiever,Disengaged,Achiever,Disengaged | Achiever,Average,Low,Average | Low,Average,Low,Average | Low,Average,Achiever,Average | Achiever,Average,Intermediate,Average | Intermediate,0,68.275,Cluster 3
37C40B2F,Average,Low,Average | Low,Average,Low,Average | Low,Average,Low,Average | Low,Average,Intermediate,Average | Intermediate,Average,Low,Average | Low,Average,Low,Average | Low,Average,Intermediate,Average | Intermediate,Average,Low,Average | Low,4,62.5375,Cluster 5
38E0C847,Average,Intermediate,Average | Intermediate,Average,Low,Average | Low,Average,Low,Average | Low,Active,Intermediate,Active | Intermediate,Active,Intermediate,Active | Intermediate,Average,Low,Average | Low,Active,Achiever,Active | Achiever,Average,Intermediate,Average | Intermediate,0,67.06875,Cluster 3
3CC940F5,Disengaged,Low,Disengaged | Low,Disengaged,Intermediate,Disengaged | Intermediate,Disengaged,Low,Disengaged | Low,Disengaged,Achiever,Disengaged | Achiever,Disengaged,Achiever,Disengaged | Achiever,Disengaged,Intermediate,Disengaged | Intermediate,Average,Intermediate,Average | Intermediate,Disengaged,Achiever,Disengaged | Achiever,0,68.48375,Cluster 3
3D1B4803,Average,Achiever,Average | Achiever,Disengaged,Achiever,Disengaged | Achiever,Average,Achiever,Average | Achiever,Average,Achiever,Average | Achiever,Active,Achiever,Active | Achiever,Average,Achiever,Average | Achiever,Average,Achiever,Average | Achiever,Average,Achiever,Average | Achiever,5,75.145,Cluster 4
3E0811B0,Active,Achiever,Active | Achiever,Active,Achiever,Active | Achiever,Average,Achiever,Average | Achiever,Average,Achiever,Average | Achiever,Active,Achiever,Active | Achiever,Active,Achiever,Active | Achiever,Active,Achiever,Active | Achiever,Active,Achiever,Active | Achiever,2,83.34625,Cluster 1
3E683139,Average,Low,Average | Low,Disengaged,Low,Disengaged | Low,Disengaged,Low,Disengaged | Low,Average,Low,Average | Low,Average,Low,Average | Low,Disengaged,Low,Disengaged | Low,Disengaged,Low,Disengaged | Low,Disengaged,Low,Disengaged | Low,1,56.47625,Cluster 6
3E684389,Disengaged,Intermediate,Disengaged | Intermediate,Disengaged,Low,Disengaged | Low,Disengaged,Low,Disengaged | Low,Disengaged,Low,Disengaged | Low,Disengaged,Low,Disengaged | Low,Average,Low,Average | Low,Disengaged,Low,Disengaged | Low,Disengaged,Low,Disengaged | Low,1,59.78875,Cluster 6
3E685F25,Average,Low,Average | Low,Average,Achiever,Average | Achiever,Average,Low,Average | Low,Average,Achiever,Average | Achiever,Average,Achiever,Average | Achiever,Average,Achiever,Average | Achiever,Disengaged,Achiever,Disengaged | Achiever,Disengaged,Intermediate,Disengaged | Intermediate,5,69.62875,Cluster 4
3E687AD1,Disengaged,Low,Disengaged | Low,Average,Intermediate,Average | Intermediate,Average,Low,Average | Low,Average,Achiever,Average | Achiever,Average,Achiever,Average | Achiever,Average,Achiever,Average | Achiever,Average,Intermediate,Average | Intermediate,Average,Intermediate,Average | Intermediate,5,66.89375,Cluster 4
3F72A9F3,Average,Achiever,Average | Achiever,Average,Achiever,Average | Achiever,Disengaged,Achiever,Disengaged | Achiever,Average,Achiever,Average | Achiever,Active,Achiever,Active | Achiever,Average,Achiever,Average | Achiever,Average,Achiever,Average | Achiever,Active,Achiever,Active | Achiever,5,83.95125,Cluster 4
41529D67,Average,Achiever,Average | Achiever,Average,Low,Average | Low,Average,Intermediate,Average | Intermediate,Active,Low,Active | Low,Average,Low,Average | Low,Disengaged,Low,Disengaged | Low,Average,Low,Average | Low,Average,Low,Average | Low,4,58.161249999999995,Cluster 5
4283C0D0,Active,Achiever,Active | Achiever,Active,Achiever,Active | Achiever,Active,Achiever,Active | Achiever,Average,Achiever,Average | Achiever,Average,Achiever,Average | Achiever,Active,Achiever,Active | Achiever,Active,Achiever,Active | Achiever,Active,Achiever,Active | Achiever,2,76.17875000000001,Cluster 1
43CE036B,Average,Low,Average | Low,Average,Low,Average | Low,Active,Low,Active | Low,Active,Intermediate,Active | Intermediate,Active,Achiever,Active | Achiever,Active,Intermediate,Active | Intermediate,Active,Intermediate,Active | Intermediate,Active,Intermediate,Active | Intermediate,0,66.14750000000001,Cluster 3
445C62DF,Average,Low,Average | Low,Average,Achiever,Average | Achiever,Average,Achiever,Average | Achiever,Average,Achiever,Average | Achiever,Average,Achiever,Average | Achiever,Average,Achiever,Average | Achiever,Average,Intermediate,Average | Intermediate,Average,Achiever,Average | Achiever,5,72.82375,Cluster 4
481F3672,Average,Intermediate,Average | Intermediate,Active,Intermediate,Active | Intermediate,Average,Achiever,Average | Achiever,Average,Achiever,Average | Achiever,Average,Achiever,Average | Achiever,Average,Achiever,Average | Achiever,Active,Achiever,Active | Achiever,Average,Achiever,Average | Achiever,5,72.82375,Cluster 4
4AAE9BB2,Disengaged,Low,Disengaged | Low,Average,Low,Average | Low,Average,Low,Average | Low,Average,Intermediate,Average | Intermediate,Average,Low,Average | Low,Average,Low,Average | Low,Disengaged,Low,Disengaged | Low,Active,Low,Active | Low,4,60.61625,Cluster 5
4E2B9146,Average,Achiever,Average | Achiever,Active,Achiever,Active | Achiever,Active,Intermediate,Active | Intermediate,Average,Achiever,Average | Achiever,Active,Achiever,Active | Achiever,Active,Achiever,Active | Achiever,Active,Achiever,Active | Achiever,Active,Achiever,Active | Achiever,2,75.63125,Cluster 1
4E4846BE,Active,Achiever,Active | Achiever,Active,Achiever,Active | Achiever,Active,Achiever,Active | Achiever,Active,Achiever,Active | Achiever,Average,Intermediate,Average | Intermediate,Active,Intermediate,Active | Intermediate,Active,Achiever,Active | Achiever,Active,Achiever,Active | Achiever,3,74.90625,Cluster 2
4E485A12,Active,Achiever,Active | Achiever,Active,Achiever,Active | Achiever,Active,Achiever,Active | Achiever,Active,Achiever,Active | Achiever,Active,Achiever,Active | Achiever,Active,Achiever,Active | Achiever,Active,Achiever,Active | Achiever,Active,Achiever,Active | Achiever,2,81.725,Cluster 1
51A82B85,Active,Achiever,Active | Achiever,Active,Achiever,Active | Achiever,Active,Achiever,Active | Achiever,Active,Achiever,Active | Achiever,Average,Achiever,Average | Achiever,Average,Achiever,Average | Achiever,Average,Intermediate,Average | Intermediate,Active,Achiever,Active | Achiever,3,78.39875,Cluster 2
54EE2A89,Average,Achiever,Average | Achiever,Average,Achiever,Average | Achiever,Average,Achiever,Average | Achiever,Average,Achiever,Average | Achiever,Average,Low,Average | Low,Average,Low,Average | Low,Average,Intermediate,Average | Intermediate,Average,Low,Average | Low,0,67.5425,Cluster 3
579A8B88,Active,Achiever,Active | Achiever,Active,Achiever,Active | Achiever,Active,Achiever,Active | Achiever,Active,Achiever,Active | Achiever,Active,Achiever,Active | Achiever,Average,Intermediate,Average | Intermediate,Average,Low,Average | Low,Average,Intermediate,Average | Intermediate,3,71.94624999999999,Cluster 2
5F9F6279,Average,Low,Average | Low,Disengaged,Low,Disengaged | Low,Disengaged,Low,Disengaged | Low,Disengaged,Low,Disengaged | Low,Average,Low,Average | Low,Disengaged,Low,Disengaged | Low,Disengaged,Low,Disengaged | Low,Disengaged,Low,Disengaged | Low,1,59.2,Cluster 6
60663E96,Active,Achiever,Active | Achiever,Active,Achiever,Active | Achiever,Active,Achiever,Active | Achiever,Active,Achiever,Active | Achiever,Active,Achiever,Active | Achiever,Active,Achiever,Active | Achiever,Active,Achiever,Active | Achiever,Active,Achiever,Active | Achiever,2,74.41499999999999,Cluster 1
611C86D5,Active,Achiever,Active | Achiever,Active,Achiever,Active | Achiever,Average,Achiever,Average | Achiever,Active,Achiever,Active | Achiever,Active,Intermediate,Active | Intermediate,Active,Achiever,Active | Achiever,Active,Achiever,Active | Achiever,Active,Achiever,Active | Achiever,2,76.45625,Cluster 1
612708C8,Average,Achiever,Average | Achiever,Active,Achiever,Active | Achiever,Active,Achiever,Active | Achiever,Active,Achiever,Active | Achiever,Average,Achiever,Average | Achiever,Active,Intermediate,Active | Intermediate,Average,Achiever,Average | Achiever,Average,Achiever,Average | Achiever,3,74.78125,Cluster 2
61271464,Average,Achiever,Average | Achiever,Active,Intermediate,Active | Intermediate,Active,Achiever,Active | Achiever,Average,Achiever,Average | Achiever,Average,Achiever,Average | Achiever,Active,Achiever,Active | Achiever,Active,Achiever,Active | Achiever,Average,Achiever,Average | Achiever,2,75.37,Cluster 1
61272D3C,Disengaged,Achiever,Disengaged | Achiever,Average,Achiever,Average | Achiever,Active,Achiever,Active | Achiever,Active,Achiever,Active | Achiever,Average,Achiever,Average | Achiever,Active,Achiever,Active | Achiever,Active,Achiever,Active | Achiever,Active,Achiever,Active | Achiever,2,78.70625,Cluster 1
61273190,Average,Achiever,Average | Achiever,Average,Achiever,Average | Achiever,Average,Achiever,Average | Achiever,Average,Achiever,Average | Achiever,Active,Achiever,Active | Achiever,Average,Achiever,Average | Achiever,Average,Achiever,Average | Achiever,Average,Achiever,Average | Achiever,5,81.9075,Cluster 4
612766D4,Average,Achiever,Average | Achiever,Average,Low,Average | Low,Average,Achiever,Average | Achiever,Active,Low,Active | Low,Average,Intermediate,Average | Intermediate,Average,Low,Average | Low,Average,Intermediate,Average | Intermediate,Average,Intermediate,Average | Intermediate,0,68.21,Cluster 3
67F45F22,Average,Achiever,Average | Achiever,Disengaged,Achiever,Disengaged | Achiever,Disengaged,Achiever,Disengaged | Achiever,Disengaged,Achiever,Disengaged | Achiever,Disengaged,Low,Disengaged | Low,Disengaged,Achiever,Disengaged | Achiever,Disengaged,Intermediate,Disengaged | Intermediate,Disengaged,Achiever,Disengaged | Achiever,0,72.95125,Cluster 3
69AA2409,Disengaged,Low,Disengaged | Low,Disengaged,Low,Disengaged | Low,Disengaged,Low,Disengaged | Low,Active,Low,Active | Low,Average,Intermediate,Average | Intermediate,Average,Low,Average | Low,Average,Intermediate,Average | Intermediate,Average,Intermediate,Average | Intermediate,0,63.738749999999996,Cluster 3
6CF914F8,Active,Low,Active | Low,Average,Low,Average | Low,Active,Low,Active | Low,Active,Intermediate,Active | Intermediate,Average,Intermediate,Average | Intermediate,Average,Low,Average | Low,Average,Intermediate,Average | Intermediate,Average,Low,Average | Low,0,64.7025,Cluster 3
72C883A2,Disengaged,Intermediate,Disengaged | Intermediate,Disengaged,Low,Disengaged | Low,Average,Intermediate,Average | Intermediate,Average,Low,Average | Low,Average,Achiever,Average | Achiever,Average,Achiever,Average | Achiever,Average,Achiever,Average | Achiever,Average,Achiever,Average | Achiever,3,70.10374999999999,Cluster 2
74B79FE8,Average,Low,Average | Low,Average,Achiever,Average | Achiever,Active,Intermediate,Active | Intermediate,Average,Achiever,Average | Achiever,Active,Low,Active | Low,Active,Achiever,Active | Achiever,Average,Achiever,Average | Achiever,Average,Intermediate,Average | Intermediate,0,69.625,Cluster 3
74B7C8AC,Disengaged,Low,Disengaged | Low,Average,Intermediate,Average | Intermediate,Average,Low,Average | Low,Average,Intermediate,Average | Intermediate,Disengaged,Intermediate,Disengaged | Intermediate,Average,Low,Average | Low,Average,Intermediate,Average | Intermediate,Disengaged,Low,Disengaged | Low,0,62.25125,Cluster 3
74B7D400,Disengaged,Intermediate,Disengaged | Intermediate,Active,Achiever,Active | Achiever,Average,Low,Average | Low,Average,Low,Average | Low,Average,Low,Average | Low,Average,Intermediate,Average | Intermediate,Active,Intermediate,Active | Intermediate,Average,Low,Average | Low,4,65.17,Cluster 5
74B7F1F4,Average,Achiever,Average | Achiever,Average,Low,Average | Low,Disengaged,Low,Disengaged | Low,Average,Achiever,Average | Achiever,Average,Low,Average | Low,Disengaged,Low,Disengaged | Low,Disengaged,Low,Disengaged | Low,Disengaged,Low,Disengaged | Low,1,63.54,Cluster 6
775501BE,Disengaged,Intermediate,Disengaged | Intermediate,Disengaged,Intermediate,Disengaged | Intermediate,Disengaged,Low,Disengaged | Low,Disengaged,Low,Disengaged | Low,Disengaged,Low,Disengaged | Low,Disengaged,Low,Disengaged | Low,Disengaged,Low,Disengaged | Low,Disengaged,Low,Disengaged | Low,1,61.04375,Cluster 6
777CB81A,Disengaged,Low,Disengaged | Low,Average,Intermediate,Average | Intermediate,Disengaged,Low,Disengaged | Low,Disengaged,Low,Disengaged | Low,Disengaged,Low,Disengaged | Low,Disengaged,Low,Disengaged | Low,Disengaged,Low,Disengaged | Low,Disengaged,Low,Disengaged | Low,1,61.305,Cluster 6
7B61F926,Average,Intermediate,Average | Intermediate,Average,Achiever,Average | Achiever,Average,Achiever,Average | Achiever,Average,Achiever,Average | Achiever,Average,Achiever,Average | Achiever,Average,Achiever,Average | Achiever,Average,Achiever,Average | Achiever,Average,Achiever,Average | Achiever,5,73.97,Cluster 4
7C6124C9,Average,Low,Average | Low,Average,Low,Average | Low,Active,Intermediate,Active | Intermediate,Average,Low,Average | Low,Active,Low,Active | Low,Active,Low,Active | Low,Average,Low,Average | Low,Active,Intermediate,Active | Intermediate,0,63.50125,Cluster 3
7F84927E,Active,Achiever,Active | Achiever,Active,Achiever,Active | Achiever,Active,Achiever,Active | Achiever,Active,Achiever,Active | Achiever,Average,Low,Average | Low,Average,Achiever,Average | Achiever,Active,Achiever,Active | Achiever,Average,Intermediate,Average | Intermediate,3,74.77,Cluster 2
80213F7A,Active,Intermediate,Active | Intermediate,Active,Achiever,Active | Achiever,Active,Intermediate,Active | Intermediate,Average,Intermediate,Average | Intermediate,Average,Low,Average | Low,Disengaged,Intermediate,Disengaged | Intermediate,Average,Intermediate,Average | Intermediate,Average,Intermediate,Average | Intermediate,3,67.70125,Cluster 2
80EF3C8F,Disengaged,Low,Disengaged | Low,Average,Low,Average | Low,Average,Low,Average | Low,Average,Low,Average | Low,Average,Low,Average | Low,Active,Low,Active | Low,Active,Intermediate,Active | Intermediate,Active,Low,Active | Low,4,57.75625,Cluster 5
84101D4B,Average,Low,Average | Low,Average,Low,Average | Low,Average,Low,Average | Low,Average,Low,Average | Low,Average,Low,Average | Low,Average,Low,Average | Low,Average,Low,Average | Low,Average,Low,Average | Low,4,58.75,Cluster 5
88B88C8A,Average,Achiever,Average | Achiever,Disengaged,Achiever,Disengaged | Achiever,Disengaged,Intermediate,Disengaged | Intermediate,Disengaged,Achiever,Disengaged | Achiever,Disengaged,Achiever,Disengaged | Achiever,Average,Intermediate,Average | Intermediate,Disengaged,Achiever,Disengaged | Achiever,Disengaged,Achiever,Disengaged | Achiever,0,73.385,Cluster 3
88B89026,Active,Low,Active | Low,Active,Achiever,Active | Achiever,Active,Intermediate,Active | Intermediate,Active,Achiever,Active | Achiever,Active,Intermediate,Active | Intermediate,Active,Achiever,Active | Achiever,Active,Achiever,Active | Achiever,Average,Intermediate,Average | Intermediate,0,69.215,Cluster 3
88B8B5D2,Active,Low,Active | Low,Average,Intermediate,Average | Intermediate,Average,Low,Average | Low,Active,Intermediate,Active | Intermediate,Active,Intermediate,Active | Intermediate,Average,Low,Average | Low,Average,Intermediate,Average | Intermediate,Average,Intermediate,Average | Intermediate,0,65.65,Cluster 3
935CB9FC,Average,Intermediate,Average | Intermediate,Disengaged,Intermediate,Disengaged | Intermediate,Disengaged,Low,Disengaged | Low,Average,Intermediate,Average | Intermediate,Average,Low,Average | Low,Average,Low,Average | Low,Average,Low,Average | Low,Average,Intermediate,Average | Intermediate,0,63.22625,Cluster 3
94950CE3,Active,Intermediate,Active | Intermediate,Active,Low,Active | Low,Active,Intermediate,Active | Intermediate,Active,Intermediate,Active | Intermediate,Average,Intermediate,Average | Intermediate,Average,Low,Average | Low,Active,Intermediate,Active | Intermediate,Average,Low,Average | Low,0,66.45375,Cluster 3
94CED848,Active,Intermediate,Active | Intermediate,Active,Low,Active | Low,Active,Achiever,Active | Achiever,Active,Intermediate,Active | Intermediate,Average,Intermediate,Average | Intermediate,Active,Intermediate,Active | Intermediate,Active,Intermediate,Active | Intermediate,Active,Low,Active | Low,0,68.475,Cluster 3
985AFF35,Average,Low,Average | Low,Disengaged,Low,Disengaged | Low,Disengaged,Low,Disengaged | Low,Disengaged,Low,Disengaged | Low,Disengaged,Low,Disengaged | Low,Disengaged,Low,Disengaged | Low,Average,Low,Average | Low,Average,Low,Average | Low,1,57.76625,Cluster 6
9CB99B43,Average,Low,Average | Low,Active,Low,Active | Low,Average,Low,Average | Low,Average,Low,Average | Low,Average,Low,Average | Low,Average,Intermediate,Average | Intermediate,Average,Intermediate,Average | Intermediate,Average,Low,Average | Low,4,61.8175,Cluster 5
9D283E5E,Average,Achiever,Average | Achiever,Average,Intermediate,Average | Intermediate,Average,Achiever,Average | Achiever,Average,Intermediate,Average | Intermediate,Average,Low,Average | Low,Active,Achiever,Active | Achiever,Active,Achiever,Active | Achiever,Active,Achiever,Active | Achiever,0,70.42125,Cluster 3
9D285042,Average,Achiever,Average | Achiever,Active,Achiever,Active | Achiever,Active,Achiever,Active | Achiever,Active,Achiever,Active | Achiever,Active,Achiever,Active | Achiever,Active,Achiever,Active | Achiever,Active,Achiever,Active | Achiever,Active,Achiever,Active | Achiever,2,79.1625,Cluster 1
9D28691A,Disengaged,Intermediate,Disengaged | Intermediate,Average,Intermediate,Average | Intermediate,Average,Intermediate,Average | Intermediate,Average,Achiever,Average | Achiever,Disengaged,Intermediate,Disengaged | Intermediate,Average,Intermediate,Average | Intermediate,Average,Achiever,Average | Achiever,Average,Achiever,Average | Achiever,3,70.66,Cluster 2
9D2875B6,Active,Achiever,Active | Achiever,Active,Achiever,Active | Achiever,Active,Achiever,Active | Achiever,Active,Achiever,Active | Achiever,Active,Achiever,Active | Achiever,Active,Achiever,Active | Achiever,Active,Achiever,Active | Achiever,Active,Achiever,Active | Achiever,2,76.8075,Cluster 1
9EB92BD1,Average,Achiever,Average | Achiever,Average,Achiever,Average | Achiever,Active,Achiever,Active | Achiever,Active,Achiever,Active | Achiever,Active,Achiever,Active | Achiever,Active,Achiever,Active | Achiever,Active,Achiever,Active | Achiever,Active,Achiever,Active | Achiever,2,78.76375,Cluster 1
A143CD8D,Average,Intermediate,Average | Intermediate,Active,Achiever,Active | Achiever,Active,Achiever,Active | Achiever,Active,Intermediate,Active | Intermediate,Active,Low,Active | Low,Average,Low,Average | Low,Average,Achiever,Average | Achiever,Active,Achiever,Active | Achiever,3,68.21625,Cluster 2
A9B1C803,Average,Intermediate,Average | Intermediate,Average,Intermediate,Average | Intermediate,Average,Achiever,Average | Achiever,Average,Intermediate,Average | Intermediate,Average,Low,Average | Low,Disengaged,Achiever,Disengaged | Achiever,Average,Intermediate,Average | Intermediate,Average,Intermediate,Average | Intermediate,0,69.775,Cluster 3
A9D91207,Average,Intermediate,Average | Intermediate,Active,Intermediate,Active | Intermediate,Average,Intermediate,Average | Intermediate,Active,Intermediate,Active | Intermediate,Average,Low,Average | Low,Active,Low,Active | Low,Active,Intermediate,Active | Intermediate,Active,Low,Active | Low,0,64.4325,Cluster 3
AB944042,Disengaged,Low,Disengaged | Low,Disengaged,Low,Disengaged | Low,Average,Low,Average | Low,Average,Low,Average | Low,Disengaged,Low,Disengaged | Low,Disengaged,Low,Disengaged | Low,Disengaged,Low,Disengaged | Low,Disengaged,Low,Disengaged | Low,1,57.38875,Cluster 6
ABDF3B2F,Active,Achiever,Active | Achiever,Average,Achiever,Average | Achiever,Average,Intermediate,Average | Intermediate,Average,Intermediate,Average | Intermediate,Active,Achiever,Active | Achiever,Average,Intermediate,Average | Intermediate,Average,Achiever,Average | Achiever,Active,Achiever,Active | Achiever,3,71.32875,Cluster 2
AF1628E9,Disengaged,Low,Disengaged | Low,Disengaged,Low,Disengaged | Low,Disengaged,Low,Disengaged | Low,Disengaged,Low,Disengaged | Low,Disengaged,Low,Disengaged | Low,Disengaged,Low,Disengaged | Low,Disengaged,Low,Disengaged | Low,Disengaged,Low,Disengaged | Low,1,58.96875,Cluster 6
AF83680E,Average,Intermediate,Average | Intermediate,Average,Intermediate,Average | Intermediate,Average,Low,Average | Low,Average,Achiever,Average | Achiever,Average,Low,Average | Low,Average,Achiever,Average | Achiever,Disengaged,Intermediate,Disengaged | Intermediate,Average,Low,Average | Low,0,67.06875,Cluster 3
AFEBB20A,Average,Intermediate,Average | Intermediate,Disengaged,Intermediate,Disengaged | Intermediate,Disengaged,Intermediate,Disengaged | Intermediate,Disengaged,Intermediate,Disengaged | Intermediate,Average,Intermediate,Average | Intermediate,Disengaged,Intermediate,Disengaged | Intermediate,Disengaged,Low,Disengaged | Low,Average,Low,Average | Low,0,66.02,Cluster 3
B18E3C42,Average,Achiever,Average | Achiever,Average,Achiever,Average | Achiever,Average,Achiever,Average | Achiever,Average,Achiever,Average | Achiever,Average,Achiever,Average | Achiever,Average,Achiever,Average | Achiever,Disengaged,Achiever,Disengaged | Achiever,Disengaged,Achiever,Disengaged | Achiever,5,76.78125,Cluster 4
B235D544,Disengaged,Achiever,Disengaged | Achiever,Average,Achiever,Average | Achiever,Disengaged,Achiever,Disengaged | Achiever,Disengaged,Achiever,Disengaged | Achiever,Disengaged,Achiever,Disengaged | Achiever,Disengaged,Achiever,Disengaged | Achiever,Disengaged,Intermediate,Disengaged | Intermediate,Disengaged,Intermediate,Disengaged | Intermediate,0,74.7125,Cluster 3
B2BB60FE,Disengaged,Low,Disengaged | Low,Disengaged,Low,Disengaged | Low,Disengaged,Low,Disengaged | Low,Disengaged,Low,Disengaged | Low,Disengaged,Low,Disengaged | Low,Disengaged,Low,Disengaged | Low,Disengaged,Low,Disengaged | Low,Average,Low,Average | Low,1,54.39625,Cluster 6
B61C5DF6,Average,Low,Average | Low,Average,Intermediate,Average | Intermediate,Active,Low,Active | Low,Average,Intermediate,Average | Intermediate,Disengaged,Low,Disengaged | Low,Disengaged,Low,Disengaged | Low,Average,Intermediate,Average | Intermediate,Average,Low,Average | Low,0,64.75375,Cluster 3
BA2AB888,Disengaged,Achiever,Disengaged | Achiever,Average,Intermediate,Average | Intermediate,Disengaged,Low,Disengaged | Low,Average,Intermediate,Average | Intermediate,Average,Achiever,Average | Achiever,Average,Achiever,Average | Achiever,Average,Intermediate,Average | Intermediate,Average,Achiever,Average | Achiever,5,70.4675,Cluster 4
BA837798,Average,Achiever,Average | Achiever,Average,Achiever,Average | Achiever,Average,Achiever,Average | Achiever,Average,Achiever,Average | Achiever,Average,Achiever,Average | Achiever,Average,Achiever,Average | Achiever,Average,Achiever,Average | Achiever,Average,Achiever,Average | Achiever,5,77.3375,Cluster 4
BBF9CFDB,Average,Low,Average | Low,Disengaged,Low,Disengaged | Low,Disengaged,Low,Disengaged | Low,Disengaged,Low,Disengaged | Low,Average,Intermediate,Average | Intermediate,Active,Low,Active | Low,Average,Intermediate,Average | Intermediate,Average,Low,Average | Low,1,63.59125,Cluster 6
BC6BAE6F,Disengaged,Low,Disengaged | Low,Average,Intermediate,Average | Intermediate,Average,Low,Average | Low,Average,Intermediate,Average | Intermediate,Disengaged,Low,Disengaged | Low,Disengaged,Intermediate,Disengaged | Intermediate,Disengaged,Intermediate,Disengaged | Intermediate,Average,Intermediate,Average | Intermediate,0,64.14625000000001,Cluster 3
BD11162C,Average,Low,Average | Low,Disengaged,Low,Disengaged | Low,Average,Low,Average | Low,Average,Intermediate,Average | Intermediate,Disengaged,Low,Disengaged | Low,Average,Low,Average | Low,Average,Intermediate,Average | Intermediate,Average,Intermediate,Average | Intermediate,0,60.75,Cluster 3
BE47C2E3,Average,Low,Average | Low,Average,Low,Average | Low,Average,Low,Average | Low,Average,Low,Average | Low,Active,Low,Active | Low,Average,Low,Average | Low,Average,Intermediate,Average | Intermediate,Average,Low,Average | Low,4,61.60625,Cluster 5
C1ADBCB4,Average,Achiever,Average | Achiever,Average,Intermediate,Average | Intermediate,Average,Intermediate,Average | Intermediate,Average,Achiever,Average | Achiever,Active,Achiever,Active | Achiever,Average,Achiever,Average | Achiever,Average,Intermediate,Average | Intermediate,Average,Achiever,Average | Achiever,5,72.31625,Cluster 4
C22A59A5,Active,Intermediate,Active | Intermediate,Average,Achiever,Average | Achiever,Active,Achiever,Active | Achiever,Average,Achiever,Average | Achiever,Average,Intermediate,Average | Intermediate,Active,Intermediate,Active | Intermediate,Average,Achiever,Average | Achiever,Average,Achiever,Average | Achiever,3,73.45875,Cluster 2
C26707AF,Active,Intermediate,Active | Intermediate,Active,Achiever,Active | Achiever,Active,Intermediate,Active | Intermediate,Active,Achiever,Active | Achiever,Active,Achiever,Active | Achiever,Average,Achiever,Average | Achiever,Average,Achiever,Average | Achiever,Active,Achiever,Active | Achiever,3,75.78125,Cluster 2
C2671B03,Disengaged,Low,Disengaged | Low,Average,Intermediate,Average | Intermediate,Disengaged,Low,Disengaged | Low,Average,Low,Average | Low,Disengaged,Low,Disengaged | Low,Average,Low,Average | Low,Average,Intermediate,Average | Intermediate,Average,Low,Average | Low,0,60.2925,Cluster 3
C267225B,Average,Intermediate,Average | Intermediate,Average,Low,Average | Low,Average,Low,Average | Low,Average,Low,Average | Low,Average,Low,Average | Low,Average,Intermediate,Average | Intermediate,Disengaged,Low,Disengaged | Low,Disengaged,Low,Disengaged | Low,4,60.635,Cluster 5
C2673EF7,Average,Intermediate,Average | Intermediate,Disengaged,Intermediate,Disengaged | Intermediate,Disengaged,Low,Disengaged | Low,Disengaged,Low,Disengaged | Low,Disengaged,Low,Disengaged | Low,Disengaged,Intermediate,Disengaged | Intermediate,Disengaged,Low,Disengaged | Low,Disengaged,Low,Disengaged | Low,1,64.03625,Cluster 6
C26769B3,Average,Low,Average | Low,Average,Low,Average | Low,Average,Low,Average | Low,Average,Low,Average | Low,Average,Low,Average | Low,Average,Low,Average | Low,Disengaged,Low,Disengaged | Low,Disengaged,Low,Disengaged | Low,4,59.9125,Cluster 5
C36CEDF1,Average,Achiever,Average | Achiever,Active,Intermediate,Active | Intermediate,Active,Intermediate,Active | Intermediate,Active,Intermediate,Active | Intermediate,Active,Intermediate,Active | Intermediate,Average,Low,Average | Low,Active,Intermediate,Active | Intermediate,Average,Intermediate,Average | Intermediate,0,69.08,Cluster 3
C63FDD00,Disengaged,Low,Disengaged | Low,Disengaged,Low,Disengaged | Low,Disengaged,Low,Disengaged | Low,Disengaged,Low,Disengaged | Low,Average,Intermediate,Average | Intermediate,Average,Low,Average | Low,Average,Low,Average | Low,Disengaged,Intermediate,Disengaged | Intermediate,1,59.09125,Cluster 6
C83FF0BD,Disengaged,Low,Disengaged | Low,Disengaged,Low,Disengaged | Low,Average,Low,Average | Low,Disengaged,Low,Disengaged | Low,Disengaged,Low,Disengaged | Low,Disengaged,Low,Disengaged | Low,Average,Low,Average | Low,Disengaged,Low,Disengaged | Low,1,50.91375,Cluster 6
CBDA4F2D,Active,Achiever,Active | Achiever,Active,Achiever,Active | Achiever,Average,Achiever,Average | Achiever,Average,Intermediate,Average | Intermediate,Average,Intermediate,Average | Intermediate,Average,Achiever,Average | Achiever,Active,Intermediate,Active | Intermediate,Active,Intermediate,Active | Intermediate,3,71.765,Cluster 2
D2C5F64E,Disengaged,Low,Disengaged | Low,Disengaged,Low,Disengaged | Low,Average,Low,Average | Low,Active,Low,Active | Low,Active,Low,Active | Low,Active,Low,Active | Low,Average,Low,Average | Low,Average,Low,Average | Low,0,50.565,Cluster 3
D3E743C9,Average,Low,Average | Low,Average,Intermediate,Average | Intermediate,Disengaged,Low,Disengaged | Low,Disengaged,Low,Disengaged | Low,Average,Low,Average | Low,Disengaged,Low,Disengaged | Low,Disengaged,Intermediate,Disengaged | Intermediate,Disengaged,Intermediate,Disengaged | Intermediate,1,64.39125,Cluster 6
D447B3FC,Active,Achiever,Active | Achiever,Active,Achiever,Active | Achiever,Active,Achiever,Active | Achiever,Active,Achiever,Active | Achiever,Active,Achiever,Active | Achiever,Active,Achiever,Active | Achiever,Active,Achiever,Active | Achiever,Active,Achiever,Active | Achiever,2,83.255,Cluster 1
D7E3D0DC,Active,Low,Active | Low,Active,Low,Active | Low,Disengaged,Intermediate,Disengaged | Intermediate,Average,Low,Average | Low,Active,Low,Active | Low,Active,Low,Active | Low,Active,Low,Active | Low,Average,Intermediate,Average | Intermediate,0,54.09125,Cluster 3
D7F7C7CB,Disengaged,Achiever,Disengaged | Achiever,Disengaged,Intermediate,Disengaged | Intermediate,Average,Achiever,Average | Achiever,Disengaged,Intermediate,Disengaged | Intermediate,Disengaged,Achiever,Disengaged | Achiever,Disengaged,Achiever,Disengaged | Achiever,Average,Achiever,Average | Achiever,Average,Intermediate,Average | Intermediate,0,73.67375,Cluster 3
D7F7DB67,Active,Achiever,Active | Achiever,Active,Achiever,Active | Achiever,Active,Achiever,Active | Achiever,Average,Achiever,Average | Achiever,Active,Achiever,Active | Achiever,Active,Achiever,Active | Achiever,Active,Achiever,Active | Achiever,Active,Achiever,Active | Achiever,2,76.6075,Cluster 1
D7F7FE93,Active,Achiever,Active | Achiever,Active,Achiever,Active | Achiever,Active,Achiever,Active | Achiever,Active,Achiever,Active | Achiever,Active,Achiever,Active | Achiever,Active,Achiever,Active | Achiever,Active,Achiever,Active | Achiever,Active,Achiever,Active | Achiever,2,79.17875,Cluster 1
D92F8056,Disengaged,Low,Disengaged | Low,Disengaged,Low,Disengaged | Low,Disengaged,Low,Disengaged | Low,Disengaged,Low,Disengaged | Low,Disengaged,Low,Disengaged | Low,Disengaged,Low,Disengaged | Low,Disengaged,Low,Disengaged | Low,Disengaged,Low,Disengaged | Low,1,55.21125,Cluster 6
DEDB455E,Average,Achiever,Average | Achiever,Average,Achiever,Average | Achiever,Average,Achiever,Average | Achiever,Average,Achiever,Average | Achiever,Average,Intermediate,Average | Intermediate,Average,Intermediate,Average | Intermediate,Average,Achiever,Average | Achiever,Average,Achiever,Average | Achiever,5,73.4225,Cluster 4
E2058149,Average,Low,Average | Low,Average,Intermediate,Average | Intermediate,Average,Low,Average | Low,Average,Low,Average | Low,Average,Low,Average | Low,Average,Intermediate,Average | Intermediate,Average,Intermediate,Average | Intermediate,Average,Low,Average | Low,4,62.79125,Cluster 5
E37F390A,Active,Intermediate,Active | Intermediate,Active,Intermediate,Active | Intermediate,Average,Intermediate,Average | Intermediate,Average,Intermediate,Average | Intermediate,Active,Intermediate,Active | Intermediate,Active,Low,Active | Low,Active,Intermediate,Active | Intermediate,Active,Intermediate,Active | Intermediate,0,67.12375,Cluster 3
E597E0FD,Active,Achiever,Active | Achiever,Active,Achiever,Active | Achiever,Active,Achiever,Active | Achiever,Active,Intermediate,Active | Intermediate,Active,Achiever,Active | Achiever,Active,Achiever,Active | Achiever,Active,Achiever,Active | Achiever,Active,Achiever,Active | Achiever,2,77.05,Cluster 1
E7397CA8,Average,Intermediate,Average | Intermediate,Average,Achiever,Average | Achiever,Average,Achiever,Average | Achiever,Average,Achiever,Average | Achiever,Average,Achiever,Average | Achiever,Average,Achiever,Average | Achiever,Active,Achiever,Active | Achiever,Active,Achiever,Active | Achiever,5,77.81,Cluster 4
E908CA93,Average,Low,Average | Low,Disengaged,Low,Disengaged | Low,Average,Low,Average | Low,Average,Intermediate,Average | Intermediate,Disengaged,Intermediate,Disengaged | Intermediate,Disengaged,Low,Disengaged | Low,Disengaged,Low,Disengaged | Low,Disengaged,Low,Disengaged | Low,1,63.4525,Cluster 6
EB0D8430,Disengaged,Intermediate,Disengaged | Intermediate,Disengaged,Low,Disengaged | Low,Disengaged,Low,Disengaged | Low,Disengaged,Low,Disengaged | Low,Average,Low,Average | Low,Disengaged,Low,Disengaged | Low,Average,Intermediate,Average | Intermediate,Disengaged,Low,Disengaged | Low,1,63.30125,Cluster 6
EC5BFA62,Active,Low,Active | Low,Average,Low,Average | Low,Active,Low,Active | Low,Average,Intermediate,Average | Intermediate,Disengaged,Low,Disengaged | Low,Average,Low,Average | Low,Average,Intermediate,Average | Intermediate,Average,Intermediate,Average | Intermediate,0,62.57,Cluster 3
ED560D33,Average,Low,Average | Low,Average,Low,Average | Low,Disengaged,Low,Disengaged | Low,Active,Low,Active | Low,Active,Low,Active | Low,Average,Low,Average | Low,Disengaged,Low,Disengaged | Low,Average,Low,Average | Low,4,57.42875,Cluster 5
ED8FF4BE,Average,Low,Average | Low,Average,Low,Average | Low,Average,Low,Average | Low,Average,Low,Average | Low,Average,Low,Average | Low,Disengaged,Low,Disengaged | Low,Disengaged,Low,Disengaged | Low,Disengaged,Low,Disengaged | Low,1,55.67125,Cluster 6
EDA58A0A,Active,Achiever,Active | Achiever,Active,Achiever,Active | Achiever,Active,Achiever,Active | Achiever,Active,Achiever,Active | Achiever,Average,Achiever,Average | Achiever,Average,Achiever,Average | Achiever,Active,Achiever,Active | Achiever,Average,Achiever,Average | Achiever,3,84.58125,Cluster 2
EE9AAB27,Average,Intermediate,Average | Intermediate,Average,Achiever,Average | Achiever,Average,Intermediate,Average | Intermediate,Average,Achiever,Average | Achiever,Average,Achiever,Average | Achiever,Average,Achiever,Average | Achiever,Average,Achiever,Average | Achiever,Average,Achiever,Average | Achiever,5,72.37125,Cluster 4
EFC42628,Disengaged,Low,Disengaged | Low,Active,Low,Active | Low,Active,Low,Active | Low,Active,Low,Active | Low,Active,Low,Active | Low,Active,Intermediate,Active | Intermediate,Active,Low,Active | Low,Active,Intermediate,Active | Intermediate,0,62.30875,Cluster 3
F81CEC88,Active,Achiever,Active | Achiever,Active,Achiever,Active | Achiever,Active,Achiever,Active | Achiever,Active,Achiever,Active | Achiever,Average,Low,Average | Low,Average,Intermediate,Average | Intermediate,Active,Intermediate,Active | Intermediate,Active,Achiever,Active | Achiever,3,71.0725,Cluster 2
F89100C7,Active,Low,Active | Low,Active,Low,Active | Low,Average,Low,Average | Low,Average,Low,Average | Low,Active,Low,Active | Low,Active,Low,Active | Low,Average,Low,Average | Low,Average,Low,Average | Low,0,54.76875,Cluster 3
F898AC49,Average,Achiever,Average | Achiever,Average,Intermediate,Average | Intermediate,Average,Intermediate,Average | Intermediate,Average,Intermediate,Average | Intermediate,Average,Intermediate,Average | Intermediate,Average,Intermediate,Average | Intermediate,Active,Achiever,Active | Achiever,Average,Achiever,Average | Achiever,0,70.5125,Cluster 3
FA754C15,Disengaged,Low,Disengaged | Low,Average,Low,Average | Low,Average,Low,Average | Low,Disengaged,Low,Disengaged | Low,Average,Low,Average | Low,Average,Low,Average | Low,Average,Low,Average | Low,Average,Low,Average | Low,4,60.3575,Cluster 5
FE2E4C85,Active,Achiever,Active | Achiever,Active,Achiever,Active | Achiever,Average,Achiever,Average | Achiever,Active,Achiever,Active | Achiever,Active,Achiever,Active | Achiever,Active,Achiever,Active | Achiever,Active,Achiever,Active | Achiever,Active,Achiever,Active | Achiever,2,82.89375,Cluster 1
